Volume -mL,Amplitude - Voltage
0,0.466421
400,0.75358
600,0.97764
800,1.19757
1000,1.44604
1200,1.67618
1400,1.88391
